gvkey_primary,gvkey_secondary,year,source,type
014112,001008,1986,CRSP/Compustat,Merger or Acquisition
001036,001035,1983,Clean Name Duplicates,Relisting
015277,001057,1988,Clean Name Duplicates,Relisting
020899,001067,1982,CRSP/Compustat,Relisting
001581,001085,1970,6-character CUSIP,Subsidiary Listing
010186,001113,1988,CRSP/Compustat,Merger or Acquisition
001408,001114,1976,General Research,Merger or Acquisition
027575,001114,2012,Clean Name Duplicates,Subsidiary Spin-Off
008546,001115,2000,SDC Platinum,Merger or Acquisition
020900,001175,1989,Clean Name Duplicates,Relisting
007241,001177,2017,General Research,Merger or Acquisition
014084,001236,1986,ABS,Relisting
019565,001243,2007,General Research,Merger or Acquisition
009135,001246,2008,SDC Platinum,Merger or Acquisition
147449,001248,2000,General Research,Subsidiary Listing
016603,001248,1982,General Research,Merger or Acquisition
027980,001278,2004,General Research,Merger or Acquisition
013708,001278,1986,General Research,Relisting
015708,001284,1988,General Research,Subsidiary Spin-Off
009775,001284,1980,General Research,Merger or Acquisition
014152,001302,1987,CRSP/Compustat,Merger or Acquisition
002136,001318,2008,General Research,Merger or Acquisition
001318,001336,1983,General Research,Relisting
028192,001356,2016,CRSP/Compustat,Relisting
012578,001362,1987,General Research,Merger or Acquisition
011993,001365,1993,General Research,Merger or Acquisition
014057,001386,1987,CRSP/Compustat,Merger or Acquisition
001045,001388,1983,General Research,Subsidiary Listing
008286,001412,1988,SDC Platinum,Merger or Acquisition
001416,001415,1984,CRSP/Compustat,Relisting
001478,001430,1994,Subsidiary Data,Merger or Acquisition
001487,001465,2001,General Research,Merger or Acquisition
008530,001478,2009,General Research,Merger or Acquisition
009899,001485,1998,6-character CUSIP,Merger or Acquisition
008188,001488,1979,General Research,Merger or Acquisition
003730,001497,1991,SDC Platinum,Merger or Acquisition
001072,001577,2007,Subsidiary Data,Merger or Acquisition
009899,001581,2005,6-character CUSIP,Merger or Acquisition
179437,001587,2005,Clean Name Duplicates,Relisting
002410,001609,1998,General Research,Merger or Acquisition
025554,001614,1991,Clean Name Duplicates,Relisting
001848,001628,1977,General Research,Merger or Acquisition
011923,001629,1985,General Research,Relisting
010152,001631,1983,CRSP/Compustat,Relisting
007875,001638,1987,General Research,Merger or Acquisition
018025,001638,2012,General Research,Merger or Acquisition
001638,001638,2004,General Research,Merger or Acquisition
008852,001643,1986,SDC Platinum,Merger or Acquisition
241637,001663,2008,General Research,Merger or Acquisition
006104,001664,1987,SDC Platinum,Merger or Acquisition
027980,001677,2007,General Research,Merger or Acquisition
005606,001692,1989,General Research,Merger or Acquisition
008488,001693,1993,Clean Name Duplicates,Merger or Acquisition
007648,001701,1980,General Research,Merger or Acquisition
175689,001762,2006,ABS,Relisting
185323,001797,2010,CRSP/Compustat,Merger or Acquisition
003243,001831,2000,General Research,Subsidiary Listing
004839,001831,1989,SDC Platinum,Merger or Acquisition
014437,001843,1951,General Research,Subsidiary Listing
002410,001848,1999,General Research,Merger or Acquisition
009191,001896,1995,Subsidiary Data,Merger or Acquisition
010519,001908,1984,General Research,Merger or Acquisition
015195,001922,1985,Clean Name Duplicates,Relisting
110685,001923,1999,Subsidiary Data,Merger or Acquisition
025438,001936,1987,General Research,Relisting
001945,001944,1981,Clean Name Duplicates,Relisting
002410,001946,1960,General Research,Subsidiary Listing
185229,001965,2010,Clean Name Duplicates,Relisting
032106,001976,2017,CRSP/Compustat,Relisting
008539,001995,2012,General Research,Merger or Acquisition
002968,001998,2004,General Research,Merger or Acquisition
007647,002024,1998,General Research,Merger or Acquisition
012262,002039,1986,SDC Platinum,Merger or Acquisition
002111,002044,2017,General Research,Merger or Acquisition
040605,002085,2019,Clean Name Duplicates,Relisting
003362,002102,1991,General Research,Merger or Acquisition
024363,002110,1988,ABS,Relisting
028940,002129,1993,Clean Name Duplicates,Subsidiary Spin-Off
003613,002129,1980,General Research,Merger or Acquisition
060893,002135,1995,ABS,Relisting
004961,002142,1977,General Research,Subsidiary Listing
009899,002146,2006,6-character CUSIP,Subsidiary Listing
002157,002157,2008,General Research,Merger or Acquisition
001300,002157,1983,General Research,Merger or Acquisition
005735,002159,1998,Subsidiary Data,Merger or Acquisition
031673,002169,2001,General Research,Merger or Acquisition
014550,002196,1987,Clean Name Duplicates,Relisting
018738,002237,2013,CRSP/Compustat,Relisting
013623,002252,1995,Subsidiary Data,Merger or Acquisition
011060,002272,1986,General Research,Merger or Acquisition
163023,002290,2004,General Research,Relisting
014624,002290,2012,Subsidiary Data,Merger or Acquisition
126721,002295,2014,SDC Platinum,Merger or Acquisition
002298,002297,1968,General Research,Relisting
014078,002298,1981,General Research,Relisting
001988,002338,2016,Subsidiary Data,Merger or Acquisition
002367,002365,1974,Clean Name Duplicates,Subsidiary Listing
002369,002368,1979,CRSP/Compustat,Relisting
012202,002379,1985,CRSP/Compustat,Merger or Acquisition
013757,002398,1983,Clean Name Duplicates,Relisting
001932,002405,1975,General Research,Relisting
006799,002424,1998,Clean Name Duplicates,Merger or Acquisition
017616,002449,1998,SDC Platinum,Merger or Acquisition
001300,002473,1981,General Research,Merger or Acquisition
002176,002490,2009,General Research,Merger or Acquisition
024184,002514,1991,CRSP/Compustat,Relisting
064549,002527,1996,Clean Name Duplicates,Relisting
010846,002562,2000,General Research,Merger or Acquisition
003650,002599,1986,SDC Platinum,Merger or Acquisition
007985,002625,2000,Subsidiary Data,Merger or Acquisition
066439,002632,1992,Clean Name Duplicates,Relisting
007561,002634,1997,SDC Platinum,Merger or Acquisition
063477,002694,1960,General Research,Subsidiary Listing
016243,002731,2005,Subsidiary Data,Merger or Acquisition
006387,002745,1977,General Research,Merger or Acquisition
025966,002764,1991,General Research,Relisting
016603,002775,1984,General Research,Merger or Acquisition
004093,002783,2012,General Research,Merger or Acquisition
036191,002789,2015,General Research,Relisting
010983,002789,1978,General Research,Merger or Acquisition
029100,002792,1988,General Research,Relisting
030383,002805,1989,General Research,Subsidiary Listing
010443,002805,1983,General Research,Subsidiary Listing
002805,002806,1983,General Research,Subsidiary Listing
010443,002806,1967,General Research,Merger or Acquisition
125434,002827,1998,General Research,Relisting
010860,002858,1997,General Research,Merger or Acquisition
013436,002864,1987,SDC Platinum,Merger or Acquisition
010519,002898,1992,General Research,Merger or Acquisition
005046,002898,1985,General Research,Merger or Acquisition
003011,002901,1991,SDC Platinum,Merger or Acquisition
014153,002931,1985,Clean Name Duplicates,Relisting
002931,002932,1974,Clean Name Duplicates,Relisting
002989,002977,1977,Clean Name Duplicates,Subsidiary Listing
004961,002978,1975,General Research,Subsidiary Listing
004961,002979,1975,General Research,Subsidiary Listing
004961,002981,1975,General Research,Subsidiary Listing
002574,002989,1980,Clean Name Duplicates,Merger or Acquisition
007139,002997,1988,General Research,Merger or Acquisition
017828,003022,1998,General Research,Relisting
028034,003024,2015,General Research,Merger or Acquisition
010860,003033,2003,SDC Platinum,Merger or Acquisition
135865,003036,2004,Clean Name Duplicates,Merger or Acquisition
030865,003039,1981,General Research,Relisting
023569,003041,2010,Clean Name Duplicates,Relisting
001724,003047,1990,General Research,Merger or Acquisition
002252,003049,1988,SDC Platinum,Merger or Acquisition
003243,003066,1998,General Research,Merger or Acquisition
135484,003078,2000,CRSP/Compustat,Relisting
003091,003091,2007,General Research,Merger or Acquisition
005959,003091,1995,General Research,Merger or Acquisition
002943,003092,1987,SDC Platinum,Merger or Acquisition
004242,003130,2001,General Research,Merger or Acquisition
024969,003167,1989,ABS,Relisting
004675,003172,1999,SDC Platinum,Merger or Acquisition
007974,003206,2000,SDC Platinum,Merger or Acquisition
003255,003255,1994,General Research,Subsidiary Spin-Off
031596,003255,1951,General Research,Subsidiary Listing
014250,003268,1988,CRSP/Compustat,Relisting
005606,003282,2002,General Research,Merger or Acquisition
023543,003300,1990,CRSP/Compustat,Merger or Acquisition
062673,003307,1990,General Research,Relisting
002269,003307,1980,General Research,Merger or Acquisition
014537,003309,1987,CRSP/Compustat,Relisting
003214,003359,1979,General Research,Relisting
009191,003368,1995,Subsidiary Data,Merger or Acquisition
003380,003379,1980,Clean Name Duplicates,Relisting
031479,003386,1993,Clean Name Duplicates,Relisting
114303,003398,1993,Clean Name Duplicates,Relisting
063499,003411,1991,Clean Name Duplicates,Relisting
010484,003452,1990,General Research,Merger or Acquisition
003470,003471,1968,Clean Name Duplicates,Merger or Acquisition
002504,003485,1988,General Research,Merger or Acquisition
031636,003486,1993,General Research,Relisting
120193,003500,1998,CRSP/Compustat,Relisting
162940,003505,2004,General Research,Relisting
031448,003568,1993,Clean Name Duplicates,Relisting
016475,003610,1991,General Research,Merger or Acquisition
003497,003613,1981,General Research,Merger or Acquisition
001642,003626,1986,CRSP/Compustat,Relisting
064640,003642,1991,Clean Name Duplicates,Relisting
003662,003661,1960,General Research,Subsidiary Listing
001609,003680,1979,General Research,Merger or Acquisition
011993,003680,1985,General Research,Subsidiary Spin-Off
161965,003711,2004,CRSP/Compustat,Relisting
062898,003733,1993,Clean Name Duplicates,Relisting
005055,003746,1988,SDC Platinum,Merger or Acquisition
003746,003748,1980,General Research,Merger or Acquisition
061386,003758,1990,Clean Name Duplicates,Relisting
013371,003774,1985,General Research,Relisting
032014,003785,2017,CRSP/Compustat,Merger or Acquisition
005250,003812,1979,General Research,Merger or Acquisition
062655,003821,2001,General Research,Merger or Acquisition
009113,003841,1979,General Research,Merger or Acquisition
024283,003841,1989,General Research,Subsidiary Spin-Off
013700,003874,1993,Clean Name Duplicates,Relisting
014652,003881,1987,CRSP/Compustat,Relisting
006424,003888,1996,Subsidiary Data,Merger or Acquisition
005342,003919,1970,Clean Name Duplicates,Merger or Acquisition
004961,003931,1974,General Research,Subsidiary Listing
015037,003940,1989,CRSP/Compustat,Merger or Acquisition
064723,003945,1995,Clean Name Duplicates,Subsidiary Spin-Off
008606,003945,1979,General Research,Merger or Acquisition
003952,003951,1976,Clean Name Duplicates,Relisting
160949,003990,2002,Clean Name Duplicates,Subsidiary Spin-Off
007507,003990,1978,General Research,Merger or Acquisition
010846,003990,1996,General Research,Merger or Acquisition
014932,004011,1985,CRSP/Compustat,Relisting
010097,004012,1980,General Research,Merger or Acquisition
176760,004034,2004,General Research,Relisting
004043,004042,1977,General Research,Relisting
007155,004056,1967,General Research,Merger or Acquisition
034443,004060,2015,General Research,Relisting
034443,004087,2017,General Research,Merger or Acquisition
015751,004134,1984,General Research,Relisting
003229,004169,1991,SDC Platinum,Merger or Acquisition
023221,004176,1990,SDC Platinum,Merger or Acquisition
014570,004178,1983,General Research,Relisting
003734,004204,1998,Subsidiary Data,Merger or Acquisition
003639,004223,2003,SDC Platinum,Merger or Acquisition
004238,004237,1983,Clean Name Duplicates,Relisting
015084,004240,1983,Clean Name Duplicates,Merger or Acquisition
004242,004240,1973,Clean Name Duplicates,Relisting
006310,004242,2011,General Research,Merger or Acquisition
010519,004250,1995,SDC Platinum,Merger or Acquisition
007652,004282,1978,General Research,Merger or Acquisition
001300,004314,1979,General Research,Merger or Acquisition
009177,004348,1995,Clean Name Duplicates,Merger or Acquisition
003918,004372,2005,Subsidiary Data,Merger or Acquisition
016455,004376,1989,CRSP/Compustat,Relisting
013281,004392,1982,CRSP/Compustat,Relisting
023819,004412,1994,SDC Platinum,Merger or Acquisition
139201,004424,2000,CRSP/Compustat,Relisting
002102,004449,1984,General Research,Merger or Acquisition
178971,004449,2007,General Research,Subsidiary Spin-Off
064789,004458,1992,Clean Name Duplicates,Relisting
001408,004508,1979,General Research,Merger or Acquisition
007919,004555,2005,Clean Name Duplicates,Merger or Acquisition
014952,004628,1987,General Research,Relisting
006821,004628,1976,General Research,Merger or Acquisition
001414,004663,1979,General Research,Merger or Acquisition
021491,004663,1989,Clean Name Duplicates,Subsidiary Spin-Off
017269,004682,1997,General Research,Merger or Acquisition
025157,004696,1991,General Research,Relisting
004723,004743,1998,General Research,Merger or Acquisition
007647,004764,2003,General Research,Merger or Acquisition
013706,004770,1983,General Research,Relisting
012136,004781,1996,General Research,Merger or Acquisition
016804,004781,1991,General Research,Merger or Acquisition
004517,004798,1951,General Research,Subsidiary Listing
004093,004799,2012,General Research,Merger or Acquisition
011228,004802,2007,SDC Platinum,Merger or Acquisition
027845,004843,2014,General Research,Merger or Acquisition
062262,004858,1994,CRSP/Compustat,Relisting
014590,004895,1988,General Research,Relisting
066004,004905,1988,Clean Name Duplicates,Subsidiary Spin-Off
005597,004905,1979,General Research,Merger or Acquisition
024226,004920,1987,Clean Name Duplicates,Relisting
011771,004945,1985,Clean Name Duplicates,Relisting
002136,004961,2000,6-character CUSIP,Merger or Acquisition
004961,004961,1974,General Research,Subsidiary Listing
004961,004968,1979,6-character CUSIP,Subsidiary Listing
012075,004984,1984,CRSP/Compustat,Relisting
003497,004995,1979,General Research,Merger or Acquisition
030098,004995,1998,Clean Name Duplicates,Relisting
004995,004995,1993,General Research,Subsidiary Spin-Off
005047,005013,1987,SDC Platinum,Merger or Acquisition
025648,005020,2009,General Research,Merger or Acquisition
007475,005041,1979,General Research,Merger or Acquisition
005055,005055,2007,SDC Platinum,Subsidiary Spin-Off
008543,005055,1985,SDC Platinum,Merger or Acquisition
028119,005056,1993,Clean Name Duplicates,Relisting
026905,005075,1989,General Research,Relisting
007759,005076,1995,Subsidiary Data,Merger or Acquisition
002176,005080,1998,General Research,Merger or Acquisition
004961,005090,1974,6-character CUSIP,Subsidiary Listing
004961,005091,1974,6-character CUSIP,Subsidiary Listing
004961,005092,1974,6-character CUSIP,Subsidiary Listing
004961,005093,1974,6-character CUSIP,Subsidiary Listing
004961,005094,1974,6-character CUSIP,Subsidiary Listing
004961,005095,1974,6-character CUSIP,Subsidiary Listing
004961,005096,1974,6-character CUSIP,Subsidiary Listing
004961,005097,1974,6-character CUSIP,Subsidiary Listing
004961,005098,1974,6-character CUSIP,Subsidiary Listing
004961,005099,1974,6-character CUSIP,Subsidiary Listing
004961,005100,1974,6-character CUSIP,Subsidiary Listing
004961,005101,1975,6-character CUSIP,Subsidiary Listing
004961,005102,1973,6-character CUSIP,Subsidiary Listing
004961,005103,1974,6-character CUSIP,Subsidiary Listing
177206,005129,2006,General Research,Relisting
010482,005148,1985,General Research,Merger or Acquisition
016475,005163,1987,General Research,Relisting
008762,005169,2005,General Research,Merger or Acquisition
001066,005207,1984,CRSP/Compustat,Merger or Acquisition
004739,005216,2006,General Research,Merger or Acquisition
011669,005235,1989,SDC Platinum,Merger or Acquisition
027845,005241,2015,Subsidiary Data,Merger or Acquisition
023090,005261,1985,Clean Name Duplicates,Relisting
148223,005308,2000,Clean Name Duplicates,Relisting
008585,005328,1979,General Research,Merger or Acquisition
003946,005345,1995,SDC Platinum,Merger or Acquisition
006731,005369,1995,Subsidiary Data,Merger or Acquisition
005382,005381,1960,General Research,Subsidiary Listing
002991,005382,1985,General Research,Merger or Acquisition
003022,005389,1985,General Research,Merger or Acquisition
063754,005389,1989,Clean Name Duplicates,Subsidiary Spin-Off
024021,005424,1990,Clean Name Duplicates,Relisting
005429,005428,1967,Clean Name Duplicates,Merger or Acquisition
014262,005436,1984,General Research,Subsidiary Spin-Off
009068,005436,1980,General Research,Merger or Acquisition
011462,005460,1998,Clean Name Duplicates,Merger or Acquisition
005526,005525,1963,General Research,Subsidiary Listing
004961,005527,1974,General Research,Subsidiary Listing
031498,005563,1990,Clean Name Duplicates,Relisting
063292,005590,1991,Clean Name Duplicates,Subsidiary Spin-Off
002775,005590,1974,General Research,Merger or Acquisition
026749,005600,1976,CRSP/Compustat,Subsidiary Listing
005600,005600,2016,CRSP/Compustat,Subsidiary Spin-Off
018597,005605,1987,General Research,Merger or Acquisition
009113,005605,1982,General Research,Merger or Acquisition
005614,005613,1976,CRSP/Compustat,Relisting
029092,005675,1989,Clean Name Duplicates,Relisting
024022,005682,1987,Clean Name Duplicates,Relisting
001300,005693,1999,General Research,Merger or Acquisition
008068,005696,1968,General Research,Merger or Acquisition
005698,005698,2006,General Research,Merger or Acquisition
002997,005698,1985,General Research,Merger or Acquisition
005735,005734,1983,Clean Name Duplicates,Subsidiary Listing
001976,005775,1987,Subsidiary Data,Merger or Acquisition
027914,005776,1991,General Research,Relisting
005790,005789,1973,General Research,Subsidiary Listing
008479,005824,2009,6-character CUSIP,Merger or Acquisition
003662,005840,2007,General Research,Merger or Acquisition
030703,005845,1989,Clean Name Duplicates,Relisting
065091,005877,1951,General Research,Subsidiary Listing
001430,005885,1993,SDC Platinum,Merger or Acquisition
001567,005886,1997,Subsidiary Data,Merger or Acquisition
212773,005898,1996,General Research,Subsidiary Spin-Off
012826,005898,1986,General Research,Merger or Acquisition
024856,005902,2020,General Research,Merger or Acquisition
001581,005915,1975,6-character CUSIP,Subsidiary Listing
001485,005915,1984,6-character CUSIP,Subsidiary Listing
014446,005969,1987,CRSP/Compustat,Relisting
003580,005992,1996,Subsidiary Data,Merger or Acquisition
007152,006000,2008,SDC Platinum,Merger or Acquisition
065676,006042,1997,General Research,Subsidiary Spin-Off
029849,006042,1994,General Research,Subsidiary Spin-Off
006765,006042,1991,General Research,Merger or Acquisition
021793,006072,1986,General Research,Relisting
004060,006078,2019,General Research,Merger or Acquisition
001487,006089,1990,SDC Platinum,Merger or Acquisition
177264,006096,2007,General Research,Subsidiary Spin-Off
018086,006096,2010,Clean Name Duplicates,Subsidiary Spin-Off
010787,006096,2000,General Research,Merger or Acquisition
003735,006110,2012,Subsidiary Data,Merger or Acquisition
127314,006121,1999,General Research,Relisting
028214,006134,1992,Clean Name Duplicates,Relisting
006139,006138,1976,Clean Name Duplicates,Merger or Acquisition
130762,006139,1997,Clean Name Duplicates,Relisting
005492,006139,1988,General Research,Merger or Acquisition
011721,006207,2006,SDC Platinum,Merger or Acquisition
007139,006248,1982,General Research,Merger or Acquisition
014531,006318,1987,General Research,Relisting
024293,006318,1991,ABS,Relisting
023276,006321,1993,Clean Name Duplicates,Relisting
005378,006361,1975,General Research,Merger or Acquisition
003610,006363,1978,CRSP/Compustat,Relisting
003735,006370,2010,SDC Platinum,Merger or Acquisition
020769,006381,1984,Clean Name Duplicates,Relisting
005605,006394,1971,General Research,Merger or Acquisition
008479,006394,1986,General Research,Merger or Acquisition
025588,006399,1951,General Research,Subsidiary Listing
009783,006418,1994,CRSP/Compustat,Merger or Acquisition
014808,006423,1991,SDC Platinum,Merger or Acquisition
009602,006477,1995,Subsidiary Data,Merger or Acquisition
031285,006477,1993,ABS,Relisting
015413,006487,1987,CRSP/Compustat,Relisting
021465,006495,1985,General Research,Relisting
003746,006498,1975,SDC Platinum,Subsidiary Listing
012578,006523,1985,CRSP/Compustat,Relisting
003158,006532,2017,Subsidiary Data,Merger or Acquisition
006543,006550,1999,Subsidiary Data,Merger or Acquisition
030807,006552,1999,General Research,Relisting
006135,006562,1977,General Research,Subsidiary Listing
004060,006568,1987,General Research,Merger or Acquisition
062918,006568,1994,Clean Name Duplicates,Subsidiary Spin-Off
170307,006598,2011,ABS,Relisting
142541,006608,2006,SDC Platinum,Merger or Acquisition
005557,006721,1990,SDC Platinum,Merger or Acquisition
013963,006726,1987,Clean Name Duplicates,Relisting
006771,006772,1961,General Research,Subsidiary Listing
006781,006781,1960,Clean Name Duplicates,Subsidiary Spin-Off
006877,006781,1958,Clean Name Duplicates,Subsidiary Listing
147175,006782,1999,General Research,Relisting
023198,006794,1985,CRSP/Compustat,Relisting
062640,006807,1996,General Research,Relisting
006782,006810,1973,General Research,Relisting
015084,006819,1997,Subsidiary Data,Merger or Acquisition
006821,006822,1974,General Research,Subsidiary Listing
001164,006864,1997,General Research,Merger or Acquisition
013133,006868,1986,CRSP/Compustat,Relisting
012352,006877,1984,Clean Name Duplicates,Relisting
012351,006905,1984,Clean Name Duplicates,Relisting
014014,006941,1987,Clean Name Duplicates,Relisting
008546,006952,1975,General Research,Merger or Acquisition
009332,006956,1997,SDC Platinum,Merger or Acquisition
006096,006975,1986,Clean Name Duplicates,Merger or Acquisition
001920,006975,1982,General Research,Merger or Acquisition
003748,006977,1978,General Research,Merger or Acquisition
014890,006977,1987,General Research,Subsidiary Listing
008359,006999,1976,Clean Name Duplicates,Merger or Acquisition
010970,007017,1982,CRSP/Compustat,Merger or Acquisition
007017,007017,2001,General Research,Subsidiary Spin-Off
024448,007028,1992,Clean Name Duplicates,Merger or Acquisition
004060,007040,1989,Subsidiary Data,Merger or Acquisition
014899,007055,1987,Clean Name Duplicates,Relisting
007058,007057,1976,Clean Name Duplicates,Relisting
007061,007062,1962,Clean Name Duplicates,Relisting
025180,007099,1996,Subsidiary Data,Merger or Acquisition
002577,007106,2011,General Research,Merger or Acquisition
011465,007139,2006,General Research,Merger or Acquisition
003497,007162,1985,General Research,Merger or Acquisition
007162,007162,1996,General Research,Merger or Acquisition
004895,007176,1980,General Research,Merger or Acquisition
007186,007186,2003,General Research,Subsidiary Spin-Off
007257,007186,1993,General Research,Merger or Acquisition
025356,007186,2012,General Research,Merger or Acquisition
014581,007217,1999,Subsidiary Data,Merger or Acquisition
007647,007267,2008,General Research,Merger or Acquisition
003580,007268,2009,Subsidiary Data,Merger or Acquisition
012127,007280,1984,CRSP/Compustat,Relisting
001050,007281,2013,Subsidiary Data,Merger or Acquisition
063293,007297,1991,Clean Name Duplicates,Relisting
004932,007298,1960,Clean Name Duplicates,Relisting
001485,007317,1984,6-character CUSIP,Subsidiary Listing
001581,007317,1977,6-character CUSIP,Subsidiary Listing
003897,007319,2000,General Research,Merger or Acquisition
012142,007331,2014,SDC Platinum,Merger or Acquisition
110685,007341,1999,Subsidiary Data,Merger or Acquisition
007345,007345,2000,Clean Name Duplicates,Merger or Acquisition
007116,007345,1998,Clean Name Duplicates,Merger or Acquisition
061370,007367,1990,Clean Name Duplicates,Relisting
065298,007380,1995,General Research,Merger or Acquisition
005518,007413,1984,General Research,Merger or Acquisition
007875,007444,1983,General Research,Merger or Acquisition
005980,007448,2004,SDC Platinum,Merger or Acquisition
003734,007463,1998,Subsidiary Data,Merger or Acquisition
007475,007474,1974,General Research,Subsidiary Listing
004503,007475,1998,General Research,Merger or Acquisition
007475,007476,1976,General Research,Subsidiary Listing
162940,007507,2005,General Research,Merger or Acquisition
177831,007515,2006,Clean Name Duplicates,Relisting
008530,007536,2003,General Research,Merger or Acquisition
147310,007537,1997,CRSP/Compustat,Relisting
006347,007567,1996,Clean Name Duplicates,Merger or Acquisition
023220,007574,2001,General Research,Merger or Acquisition
001356,007574,2000,General Research,Merger or Acquisition
007620,007621,1962,General Research,Subsidiary Listing
008530,007637,2019,General Research,Merger or Acquisition
001998,007650,1998,General Research,Merger or Acquisition
009113,007674,1985,General Research,Merger or Acquisition
007674,007675,1981,General Research,Merger or Acquisition
126423,007682,2019,CRSP/Compustat,Merger or Acquisition
061338,007692,2009,Subsidiary Data,Merger or Acquisition
001098,007701,1968,CRSP/Compustat,Relisting
012457,007709,1981,6-character CUSIP,Relisting
013587,007720,1995,SDC Platinum,Merger or Acquisition
010845,007778,1978,General Research,Merger or Acquisition
005894,007778,1997,General Research,Merger or Acquisition
001581,007840,1950,6-character CUSIP,Subsidiary Listing
008044,007840,1984,6-character CUSIP,Relisting
004961,007846,1975,General Research,Subsidiary Listing
145271,007892,1999,General Research,Relisting
260408,007935,2006,Clean Name Duplicates,Relisting
210032,007936,2012,CRSP/Compustat,Merger or Acquisition
007898,007956,1988,SDC Platinum,Merger or Acquisition
007977,007978,1973,General Research,Subsidiary Listing
007994,007990,1974,General Research,Subsidiary Listing
001581,007996,1963,6-character CUSIP,Subsidiary Listing
014274,007996,1984,6-character CUSIP,Subsidiary Listing
008020,008019,1979,Clean Name Duplicates,Relisting
008762,008022,1989,General Research,Merger or Acquisition
010138,008024,1981,CRSP/Compustat,Relisting
010238,008026,1980,CRSP/Compustat,Merger or Acquisition
030029,008035,1991,Clean Name Duplicates,Relisting
002136,008044,1997,6-character CUSIP,Merger or Acquisition
008068,008078,1978,General Research,Subsidiary Listing
001581,008097,1975,6-character CUSIP,Subsidiary Listing
001485,008097,1984,6-character CUSIP,Subsidiary Listing
007007,008124,1979,General Research,Merger or Acquisition
003310,008145,1991,General Research,Merger or Acquisition
018025,008150,2012,General Research,Merger or Acquisition
013453,008159,2003,Clean Name Duplicates,Merger or Acquisition
029241,008163,2000,General Research,Merger or Acquisition
006304,008169,2018,Subsidiary Data,Merger or Acquisition
003413,008171,1999,SDC Platinum,Merger or Acquisition
010983,008198,1976,General Research,Merger or Acquisition
036190,008198,2015,General Research,Relisting
008226,008225,1979,Clean Name Duplicates,Relisting
007298,008226,1988,Clean Name Duplicates,Merger or Acquisition
012352,008226,1997,Clean Name Duplicates,Merger or Acquisition
029829,008239,1992,General Research,Relisting
008267,008268,1980,CRSP/Compustat,Relisting
007125,008274,1986,SDC Platinum,Merger or Acquisition
001581,008275,1962,6-character CUSIP,Subsidiary Listing
061489,008275,1984,6-character CUSIP,Subsidiary Listing
008286,008287,1984,6-character CUSIP,Subsidiary Listing
001581,008287,1950,6-character CUSIP,Subsidiary Listing
010443,008292,1974,General Research,Subsidiary Listing
128978,008292,1998,Clean Name Duplicates,Relisting
004093,008325,1997,General Research,Merger or Acquisition
008326,008325,1973,General Research,Relisting
009867,008326,2003,SDC Platinum,Merger or Acquisition
003310,008328,1992,Subsidiary Data,Merger or Acquisition
012351,008331,1987,SDC Platinum,Merger or Acquisition
062290,008331,1995,General Research,Relisting
011288,008352,1976,General Research,Merger or Acquisition
014370,008359,1986,Clean Name Duplicates,Merger or Acquisition
028379,008363,2014,Clean Name Duplicates,Relisting
035158,008367,2014,Clean Name Duplicates,Relisting
012514,008378,1981,Clean Name Duplicates,Relisting
001050,008423,2015,SDC Platinum,Merger or Acquisition
008431,008430,1979,Clean Name Duplicates,Relisting
001302,008436,1961,General Research,Merger or Acquisition
014314,008472,1981,6-character CUSIP,Relisting
118577,008488,2008,General Research,Merger or Acquisition
011040,008533,1995,General Research,Merger or Acquisition
014590,008536,2007,Subsidiary Data,Merger or Acquisition
161810,008559,2004,CRSP/Compustat,Merger or Acquisition
013200,008565,1985,Clean Name Duplicates,Relisting
006730,008566,1980,General Research,Merger or Acquisition
008566,008566,1994,General Research,Merger or Acquisition
018597,008585,1989,SDC Platinum,Merger or Acquisition
021235,008589,1989,Clean Name Duplicates,Relisting
008592,008591,1975,General Research,Relisting
008593,008592,1980,General Research,Relisting
008594,008593,1980,Clean Name Duplicates,Subsidiary Listing
010006,008618,1978,General Research,Relisting
003369,008622,1987,Clean Name Duplicates,Merger or Acquisition
004327,008629,1986,SDC Platinum,Merger or Acquisition
012168,008635,1985,Clean Name Duplicates,Relisting
008626,008644,2002,SDC Platinum,Merger or Acquisition
009459,008645,1971,General Research,Merger or Acquisition
007935,008647,1997,Subsidiary Data,Merger or Acquisition
010964,008662,1981,General Research,Subsidiary Listing
012428,008684,1958,General Research,Subsidiary Listing
002176,008717,2015,General Research,Merger or Acquisition
024842,008719,1990,General Research,Relisting
029028,008746,1991,General Research,Relisting
015248,008756,1988,CRSP/Compustat,Relisting
008245,008796,1983,CRSP/Compustat,Merger or Acquisition
008822,008820,1981,Clean Name Duplicates,Relisting
005047,008889,1986,General Research,Merger or Acquisition
003358,008925,2008,Subsidiary Data,Merger or Acquisition
028701,008935,1950,General Research,Subsidiary Listing
010787,008960,1999,Subsidiary Data,Merger or Acquisition
010983,008972,2020,General Research,Subsidiary Spin-Off
012145,009057,1985,Clean Name Duplicates,Relisting
015704,009098,2008,General Research,Merger or Acquisition
008331,009104,1986,General Research,Merger or Acquisition
025493,009111,1987,General Research,Relisting
120877,009113,1997,General Research,Relisting
008762,009126,1985,SDC Platinum,Merger or Acquisition
003170,009165,1976,General Research,Merger or Acquisition
031590,009165,1986,Clean Name Duplicates,Merger or Acquisition
061795,009168,1993,Clean Name Duplicates,Relisting
019349,009191,2005,Subsidiary Data,Merger or Acquisition
009191,009191,2008,Subsidiary Data,Subsidiary Spin-Off
064477,009192,1991,Clean Name Duplicates,Relisting
004060,009217,2009,General Research,Merger or Acquisition
005592,009223,1986,SDC Platinum,Merger or Acquisition
011465,009235,1989,General Research,Merger or Acquisition
024925,009235,1992,Clean Name Duplicates,Subsidiary Spin-Off
013467,009236,1990,General Research,Merger or Acquisition
004321,009239,1976,General Research,Merger or Acquisition
002960,009253,1984,Clean Name Duplicates,Subsidiary Listing
012384,009267,2004,General Research,Merger or Acquisition
009288,009287,1983,CRSP/Compustat,Relisting
005047,009308,2000,Subsidiary Data,Merger or Acquisition
178153,009311,2007,CRSP/Compustat,Merger or Acquisition
015761,009316,1986,Clean Name Duplicates,Relisting
029955,009340,2010,Clean Name Duplicates,Merger or Acquisition
001078,009372,2016,General Research,Merger or Acquisition
062689,009380,2004,CRSP/Compustat,Merger or Acquisition
009389,009389,1986,General Research,Subsidiary Spin-Off
013932,009389,1987,General Research,Relisting
002102,009389,1973,General Research,Merger or Acquisition
065090,009392,1951,General Research,Subsidiary Listing
179342,009402,2007,CRSP/Compustat,Merger or Acquisition
064876,009405,1991,Clean Name Duplicates,Relisting
010793,009411,2014,SDC Platinum,Merger or Acquisition
013701,009461,1986,Clean Name Duplicates,Relisting
009470,009469,1983,Clean Name Duplicates,Relisting
011636,009487,1969,General Research,Merger or Acquisition
015018,009497,1982,Clean Name Duplicates,Relisting
002574,009537,1977,Clean Name Duplicates,Subsidiary Listing
029356,009545,2000,SDC Platinum,Merger or Acquisition
007536,009560,1985,General Research,Merger or Acquisition
006307,009563,2005,Subsidiary Data,Merger or Acquisition
009602,009580,1993,Subsidiary Data,Merger or Acquisition
010787,009602,2001,Subsidiary Data,Merger or Acquisition
008543,009626,1978,General Research,Merger or Acquisition
014448,009626,1986,Clean Name Duplicates,Merger or Acquisition
009267,009653,1985,SDC Platinum,Merger or Acquisition
007824,009692,1998,Clean Name Duplicates,Merger or Acquisition
001300,009705,1985,General Research,Merger or Acquisition
008546,009707,1975,General Research,Merger or Acquisition
007346,009715,2013,SDC Platinum,Merger or Acquisition
010275,009716,1989,General Research,Merger or Acquisition
001848,009744,1969,General Research,Merger or Acquisition
033652,009761,2018,CRSP/Compustat,Relisting
005180,009775,2000,General Research,Merger or Acquisition
002146,009830,1984,6-character CUSIP,Subsidiary Listing
001581,009830,1977,6-character CUSIP,Subsidiary Listing
001581,009844,1975,6-character CUSIP,Subsidiary Listing
002146,009844,1984,6-character CUSIP,Subsidiary Listing
009408,009862,1983,General Research,Subsidiary Listing
009900,009900,1984,6-character CUSIP,Subsidiary Spin-Off
001581,009900,1975,6-character CUSIP,Subsidiary Listing
009899,009900,1987,6-character CUSIP,Relisting
066591,009906,1997,SDC Platinum,Merger or Acquisition
066034,009929,1992,Clean Name Duplicates,Relisting
002403,009967,1989,General Research,Merger or Acquisition
148328,009981,2000,Clean Name Duplicates,Relisting
003502,010004,1999,SDC Platinum,Merger or Acquisition
023978,010053,2007,General Research,Merger or Acquisition
032670,010053,2017,Clean Name Duplicates,Relisting
010053,010053,2016,General Research,Subsidiary Spin-Off
007127,010108,1996,SDC Platinum,Merger or Acquisition
001278,010160,1981,General Research,Merger or Acquisition
019260,010166,1987,CRSP/Compustat,Relisting
015133,010227,1992,Clean Name Duplicates,Relisting
002169,010260,1985,General Research,Merger or Acquisition
025792,010277,2016,General Research,Merger or Acquisition
007985,010301,2002,Subsidiary Data,Merger or Acquisition
009752,010302,1977,Clean Name Duplicates,Relisting
001303,010303,1980,CRSP/Compustat,Merger or Acquisition
065417,010314,1997,General Research,Merger or Acquisition
008479,010314,1977,General Research,Merger or Acquisition
010277,010327,1963,General Research,Subsidiary Listing
003282,010329,1997,Subsidiary Data,Merger or Acquisition
014620,010339,1979,General Research,Merger or Acquisition
014169,010357,1988,CRSP/Compustat,Relisting
165640,010382,2011,Subsidiary Data,Merger or Acquisition
015343,010386,2015,Subsidiary Data,Merger or Acquisition
024395,010388,1998,SDC Platinum,Merger or Acquisition
001581,010393,1999,General Research,Merger or Acquisition
014252,010403,1987,CRSP/Compustat,Relisting
010443,010442,1974,General Research,Subsidiary Listing
005693,010473,1982,General Research,Merger or Acquisition
021237,010473,1988,Clean Name Duplicates,Subsidiary Spin-Off
002991,010482,2000,General Research,Merger or Acquisition
010795,010484,2010,6-character CUSIP,Merger or Acquisition
010491,010490,1973,General Research,Relisting
010672,010495,1989,SDC Platinum,Merger or Acquisition
025243,010523,1987,Clean Name Duplicates,Relisting
007574,010538,1982,Clean Name Duplicates,Merger or Acquisition
015704,010546,1982,General Research,Relisting
013646,010569,1986,Clean Name Duplicates,Relisting
025056,010576,2001,General Research,Merger or Acquisition
013306,010586,1986,CRSP/Compustat,Relisting
011822,010590,1985,CRSP/Compustat,Relisting
005518,010608,1991,General Research,Merger or Acquisition
141913,010631,2019,General Research,Merger or Acquisition
014641,010633,1983,General Research,Relisting
001567,010649,1984,Clean Name Duplicates,Merger or Acquisition
004839,010660,1992,SDC Platinum,Merger or Acquisition
010870,010663,1983,Clean Name Duplicates,Relisting
003243,010705,1993,Clean Name Duplicates,Merger or Acquisition
001762,010723,1998,Subsidiary Data,Merger or Acquisition
002102,010747,1978,General Research,Merger or Acquisition
006268,010787,2016,CRSP/Compustat,Merger or Acquisition
014328,010796,1982,Clean Name Duplicates,Relisting
010150,010809,1988,SDC Platinum,Merger or Acquisition
003015,010842,1984,General Research,Merger or Acquisition
010846,010845,1962,General Research,Subsidiary Listing
004093,010863,2006,General Research,Merger or Acquisition
184954,010870,2006,Clean Name Duplicates,Relisting
007363,010896,1985,SDC Platinum,Merger or Acquisition
010896,010900,1974,General Research,Subsidiary Listing
125094,010925,1998,Clean Name Duplicates,Relisting
017269,010931,1983,General Research,Relisting
006062,010932,1990,Clean Name Duplicates,Merger or Acquisition
010512,010943,1980,General Research,Merger or Acquisition
008015,010943,1990,Clean Name Duplicates,Merger or Acquisition
023978,010952,1956,General Research,Merger or Acquisition
014294,010964,1984,General Research,Relisting
023978,010970,1950,Clean Name Duplicates,Subsidiary Listing
010499,011001,1999,Subsidiary Data,Merger or Acquisition
021515,011003,2012,Clean Name Duplicates,Relisting
002146,011007,1987,SDC Platinum,Merger or Acquisition
012581,011018,1986,SDC Platinum,Merger or Acquisition
007536,011040,1999,General Research,Merger or Acquisition
015247,011079,1979,General Research,Subsidiary Listing
001706,011145,1997,Subsidiary Data,Merger or Acquisition
108740,011159,2000,CRSP/Compustat,Relisting
011971,011173,1989,SDC Platinum,Merger or Acquisition
023584,011204,1990,CRSP/Compustat,Merger or Acquisition
004739,011247,2001,General Research,Merger or Acquisition
011333,011252,1983,CRSP/Compustat,Relisting
008530,011288,1999,General Research,Merger or Acquisition
008818,011295,1997,General Research,Merger or Acquisition
014477,011306,1998,Clean Name Duplicates,Merger or Acquisition
115377,011317,1992,Clean Name Duplicates,Relisting
004367,011323,1998,Clean Name Duplicates,Merger or Acquisition
005568,011337,1978,General Research,Merger or Acquisition
145308,011337,2001,Clean Name Duplicates,Subsidiary Spin-Off
013290,011392,1982,6-character CUSIP,Relisting
003735,011413,1986,SDC Platinum,Merger or Acquisition
011436,011434,1957,6-character CUSIP,Subsidiary Listing
013714,011436,1999,General Research,Merger or Acquisition
012805,011442,1985,Clean Name Duplicates,Relisting
029830,011446,2015,CRSP/Compustat,Merger or Acquisition
014620,011466,1986,General Research,Merger or Acquisition
008479,011522,1970,General Research,Merger or Acquisition
006531,011522,1967,General Research,Subsidiary Listing
014817,011522,1983,Clean Name Duplicates,Relisting
001581,011548,1975,6-character CUSIP,Subsidiary Listing
001485,011548,1984,6-character CUSIP,Subsidiary Listing
003607,011559,1999,Subsidiary Data,Merger or Acquisition
011588,011587,1977,Clean Name Duplicates,Relisting
014516,011588,1986,Clean Name Duplicates,Relisting
014647,011639,1986,CRSP/Compustat,Relisting
001365,011661,1991,SDC Platinum,Merger or Acquisition
014314,011669,1987,SDC Platinum,Merger or Acquisition
010453,011673,1987,SDC Platinum,Merger or Acquisition
021503,011778,2010,Clean Name Duplicates,Merger or Acquisition
009514,011784,1962,General Research,Relisting
005878,011802,2006,Subsidiary Data,Merger or Acquisition
004321,011802,1991,Subsidiary Data,Merger or Acquisition
010608,011806,1987,General Research,Merger or Acquisition
029028,011814,1993,CRSP/Compustat,Merger or Acquisition
024316,011831,1995,CRSP/Compustat,Merger or Acquisition
014442,011837,1986,CRSP/Compustat,Merger or Acquisition
008068,011923,2019,General Research,Merger or Acquisition
015495,011947,1989,CRSP/Compustat,Relisting
004895,011965,1981,General Research,Subsidiary Listing
020597,011985,2012,Clean Name Duplicates,Relisting
008536,011993,1999,General Research,Merger or Acquisition
020399,012026,2014,CRSP/Compustat,Merger or Acquisition
014489,012053,2015,General Research,Merger or Acquisition
010991,012075,2014,General Research,Merger or Acquisition
014064,012127,1986,CRSP/Compustat,Relisting
177827,012161,2011,Subsidiary Data,Merger or Acquisition
001468,012183,2007,Subsidiary Data,Merger or Acquisition
018290,012200,2013,CRSP/Compustat,Relisting
009899,012206,2014,General Research,Merger or Acquisition
101204,012233,2011,General Research,Merger or Acquisition
203890,012260,2008,General Research,Merger or Acquisition
004839,012260,1989,General Research,Merger or Acquisition
001478,012275,1996,Subsidiary Data,Merger or Acquisition
012994,012294,2011,SDC Platinum,Merger or Acquisition
001318,012315,1985,General Research,Subsidiary Listing
007923,012341,1981,General Research,Subsidiary Listing
179598,012381,2008,CRSP/Compustat,Relisting
014530,012394,1990,SDC Platinum,Merger or Acquisition
012427,012414,1983,General Research,Relisting
158733,012452,1999,Clean Name Duplicates,Relisting
201088,012479,2000,SDC Platinum,Merger or Acquisition
008030,012516,2002,SDC Platinum,Merger or Acquisition
118577,012592,2000,Clean Name Duplicates,Merger or Acquisition
003310,012608,1996,Subsidiary Data,Merger or Acquisition
003814,012612,1951,General Research,Subsidiary Listing
007092,012678,1988,General Research,Merger or Acquisition
162907,012679,2009,Subsidiary Data,Merger or Acquisition
011306,012694,1985,Subsidiary Data,Subsidiary Listing
003047,012764,1989,General Research,Merger or Acquisition
005480,012788,1985,General Research,Relisting
002615,012789,2016,Subsidiary Data,Merger or Acquisition
003980,012886,2019,General Research,Merger or Acquisition
006856,012899,1989,SDC Platinum,Merger or Acquisition
027014,012938,2011,6-character CUSIP,Relisting
190355,012947,2011,CRSP/Compustat,Merger or Acquisition
022144,012948,1991,ABS,Merger or Acquisition
026246,012967,1991,ABS,Relisting
061718,012968,2001,General Research,Merger or Acquisition
005518,012968,1998,General Research,Merger or Acquisition
005568,012978,2015,SDC Platinum,Merger or Acquisition
006494,013003,2017,General Research,Merger or Acquisition
062745,013049,2000,Subsidiary Data,Merger or Acquisition
008067,013109,1997,Subsidiary Data,Merger or Acquisition
010665,013121,1982,Clean Name Duplicates,Relisting
277846,013128,2019,SDC Platinum,Merger or Acquisition
004895,013131,1986,General Research,Subsidiary Listing
005180,013134,1995,General Research,Merger or Acquisition
135484,013153,2014,6-character CUSIP,Merger or Acquisition
009899,013153,1998,6-character CUSIP,Merger or Acquisition
001581,013153,1960,6-character CUSIP,Subsidiary Listing
010530,013204,2006,General Research,Merger or Acquisition
026305,013227,2014,Clean Name Duplicates,Relisting
127179,013228,2001,SDC Platinum,Merger or Acquisition
021106,013237,1989,CRSP/Compustat,Merger or Acquisition
034562,013282,2015,Clean Name Duplicates,Relisting
015634,013294,1999,General Research,Merger or Acquisition
008543,013302,1986,SDC Platinum,Subsidiary Listing
010266,013306,1996,General Research,Merger or Acquisition
011288,013308,1999,Subsidiary Data,Merger or Acquisition
025389,013325,2003,Clean Name Duplicates,Merger or Acquisition
006096,013333,1997,SDC Platinum,Merger or Acquisition
011550,013353,1951,General Research,Subsidiary Listing
013664,013375,2010,6-character CUSIP,Relisting
024185,013376,1990,Clean Name Duplicates,Relisting
140979,013378,2004,Subsidiary Data,Merger or Acquisition
002884,013440,2016,General Research,Merger or Acquisition
016456,013445,1989,CRSP/Compustat,Relisting
101204,013467,2004,General Research,Merger or Acquisition
018114,013473,2012,Clean Name Duplicates,Relisting
012822,013524,1986,SDC Platinum,Merger or Acquisition
001318,013527,1988,SDC Platinum,Merger or Acquisition
004781,013571,1988,SDC Platinum,Merger or Acquisition
025422,013587,1996,General Research,Merger or Acquisition
013587,013587,1995,Clean Name Duplicates,Subsidiary Spin-Off
003930,013587,1986,Clean Name Duplicates,Subsidiary Listing
002403,013599,2019,General Research,Merger or Acquisition
014638,013606,1988,6-character CUSIP,Merger or Acquisition
066300,013632,1996,Clean Name Duplicates,Relisting
020792,013702,1988,General Research,Relisting
002812,013706,1985,General Research,Merger or Acquisition
010405,013708,1996,General Research,Merger or Acquisition
063828,013766,1995,Clean Name Duplicates,Relisting
023123,013833,1989,ABS,Merger or Acquisition
187039,013836,2015,Subsidiary Data,Merger or Acquisition
014477,013894,1998,Subsidiary Data,Merger or Acquisition
003022,013921,1989,SDC Platinum,Merger or Acquisition
003439,013948,1951,CRSP/Compustat,Subsidiary Listing
061356,013960,1995,General Research,Relisting
024184,014001,1999,Clean Name Duplicates,Merger or Acquisition
005905,014066,1991,SDC Platinum,Merger or Acquisition
012384,014087,2015,General Research,Merger or Acquisition
144519,014097,1998,General Research,Relisting
002137,014100,2000,SDC Platinum,Merger or Acquisition
007106,014218,1986,Clean Name Duplicates,Subsidiary Listing
062599,014264,1997,SDC Platinum,Merger or Acquisition
061489,014274,1984,6-character CUSIP,Subsidiary Listing
162198,014328,2001,Clean Name Duplicates,Relisting
005425,014361,1985,General Research,Subsidiary Listing
006135,014392,1981,General Research,Subsidiary Listing
002410,014456,1987,General Research,Subsidiary Listing
007099,014461,1987,SDC Platinum,Merger or Acquisition
005254,014570,1986,SDC Platinum,Merger or Acquisition
164433,014594,1999,Clean Name Duplicates,Relisting
004735,014641,1987,SDC Platinum,Merger or Acquisition
023251,014648,1987,General Research,Relisting
014817,014817,1985,Clean Name Duplicates,Subsidiary Spin-Off
008479,014817,1983,Clean Name Duplicates,Subsidiary Listing
012791,014843,1995,General Research,Merger or Acquisition
005439,014861,1996,SDC Platinum,Merger or Acquisition
140760,014881,1998,Subsidiary Data,Merger or Acquisition
003746,014890,1987,General Research,Subsidiary Listing
005169,014890,1996,SDC Platinum,Merger or Acquisition
009846,014912,1951,General Research,Subsidiary Listing
015273,014932,1992,General Research,Merger or Acquisition
006821,014952,1987,General Research,Subsidiary Listing
014952,014952,1988,Clean Name Duplicates,Subsidiary Spin-Off
164190,014999,2005,Clean Name Duplicates,Relisting
028169,015065,1995,SDC Platinum,Merger or Acquisition
025627,015077,2012,SDC Platinum,Merger or Acquisition
014390,015079,1994,SDC Platinum,Merger or Acquisition
008549,015084,2005,General Research,Merger or Acquisition
009775,015106,1982,General Research,Merger or Acquisition
015106,015106,1989,General Research,Subsidiary Spin-Off
003735,015106,2011,General Research,Merger or Acquisition
013204,015133,2004,General Research,Merger or Acquisition
014934,015168,2001,SDC Platinum,Merger or Acquisition
015363,015197,2019,CRSP/Compustat,Merger or Acquisition
034528,015215,2018,CRSP/Compustat,Merger or Acquisition
012389,015263,1987,SDC Platinum,Merger or Acquisition
179700,015273,2006,General Research,Relisting
064389,015286,1995,General Research,Relisting
010795,015289,1988,General Research,Subsidiary Listing
007319,015305,1973,General Research,Subsidiary Listing
066440,015351,1997,Subsidiary Data,Merger or Acquisition
011436,015401,1957,6-character CUSIP,Subsidiary Listing
014897,015441,1990,Clean Name Duplicates,Merger or Acquisition
004093,015448,2006,General Research,Merger or Acquisition
015582,015622,1994,SDC Platinum,Merger or Acquisition
002137,015622,1989,SDC Platinum,Merger or Acquisition
144496,015672,2000,General Research,Relisting
027845,015708,2015,General Research,Relisting
008093,015760,1985,Subsidiary Data,Subsidiary Listing
015761,015761,2000,General Research,Subsidiary Spin-Off
012826,015761,1986,Clean Name Duplicates,Merger or Acquisition
001164,015802,1999,Subsidiary Data,Merger or Acquisition
013888,016243,2011,CRSP/Compustat,Relisting
165179,016620,2005,CRSP/Compustat,Merger or Acquisition
004679,016765,1995,SDC Platinum,Merger or Acquisition
004640,016801,1993,SDC Platinum,Merger or Acquisition
061350,016804,2000,General Research,Merger or Acquisition
005786,017034,1993,SDC Platinum,Merger or Acquisition
016786,017064,1986,General Research,Subsidiary Listing
032715,017071,2017,CRSP/Compustat,Merger or Acquisition
007647,017193,1992,Subsidiary Data,Merger or Acquisition
005073,017197,2010,6-character CUSIP,Merger or Acquisition
146112,017216,2002,CRSP/Compustat,Merger or Acquisition
010071,017235,1994,SDC Platinum,Merger or Acquisition
004723,017269,2001,Clean Name Duplicates,Merger or Acquisition
101410,017346,1996,General Research,Merger or Acquisition
019565,017535,1992,General Research,Subsidiary Listing
177827,017828,2007,Subsidiary Data,Relisting
021007,018072,2015,CRSP/Compustat,Merger or Acquisition
006066,018087,1996,SDC Platinum,Merger or Acquisition
036525,018161,2020,CRSP/Compustat,Merger or Acquisition
018636,018597,1995,CRSP/Compustat,Relisting
027046,018929,2016,CRSP/Compustat,Merger or Acquisition
024506,019134,2015,CRSP/Compustat,Merger or Acquisition
024625,019364,1999,General Research,Merger or Acquisition
174637,019439,2004,Clean Name Duplicates,Relisting
019151,019540,2001,General Research,Relisting
019574,019574,2015,Clean Name Duplicates,Subsidiary Spin-Off
004988,019574,2012,Clean Name Duplicates,Subsidiary Listing
036506,019722,2020,CRSP/Compustat,Merger or Acquisition
026336,019757,2017,CRSP/Compustat,Merger or Acquisition
035008,019772,2019,CRSP/Compustat,Merger or Acquisition
003662,019911,2012,SDC Platinum,Merger or Acquisition
030311,020037,2016,CRSP/Compustat,Merger or Acquisition
012540,020090,2015,Subsidiary Data,Merger or Acquisition
032233,020183,2017,CRSP/Compustat,Relisting
141460,020245,2018,Subsidiary Data,Merger or Acquisition
021808,020423,2020,Clean Name Duplicates,Merger or Acquisition
133768,020477,2014,Clean Name Duplicates,Subsidiary Listing
162906,020515,2016,CRSP/Compustat,Merger or Acquisition
001919,020583,2000,SDC Platinum,Merger or Acquisition
007099,020769,1989,General Research,Merger or Acquisition
176711,020783,2009,6-character CUSIP,Relisting
003226,020942,2012,General Research,Subsidiary Listing
061439,020969,1999,SDC Platinum,Merger or Acquisition
027845,021007,2016,Subsidiary Data,Merger or Acquisition
005606,021078,1997,General Research,Merger or Acquisition
162733,021078,2001,Clean Name Duplicates,Relisting
027845,021422,2016,Subsidiary Data,Merger or Acquisition
148271,021465,2000,General Research,Relisting
021491,021491,2002,General Research,Subsidiary Spin-Off
004611,021491,1999,General Research,Merger or Acquisition
023220,021496,2014,Subsidiary Data,Merger or Acquisition
036044,021802,2020,CRSP/Compustat,Merger or Acquisition
032961,021998,2018,CRSP/Compustat,Merger or Acquisition
032908,022129,2018,CRSP/Compustat,Merger or Acquisition
035712,022229,2019,CRSP/Compustat,Merger or Acquisition
023198,022324,1985,Clean Name Duplicates,Subsidiary Listing
001161,022325,2020,General Research,Merger or Acquisition
185318,022532,2008,Clean Name Duplicates,Relisting
028378,022536,2000,SDC Platinum,Merger or Acquisition
035477,022673,2019,CRSP/Compustat,Merger or Acquisition
029251,022698,2016,CRSP/Compustat,Merger or Acquisition
028264,022776,1997,SDC Platinum,Merger or Acquisition
002269,022805,1993,SDC Platinum,Merger or Acquisition
013683,022821,1990,General Research,Subsidiary Listing
061094,023090,1990,General Research,Relisting
183612,023197,2009,CRSP/Compustat,Relisting
010412,023250,1986,CRSP/Compustat,Merger or Acquisition
006502,023251,1999,Subsidiary Data,Merger or Acquisition
037168,023335,2020,CRSP/Compustat,Merger or Acquisition
036475,023422,2020,CRSP/Compustat,Merger or Acquisition
011720,023486,2001,Subsidiary Data,Merger or Acquisition
024608,023543,1994,General Research,Merger or Acquisition
036678,023549,2020,6-character CUSIP,Relisting
179657,023569,2019,General Research,Merger or Acquisition
007647,023592,2005,General Research,Merger or Acquisition
019802,023713,2017,CRSP/Compustat,Merger or Acquisition
014490,023872,2006,Clean Name Duplicates,Merger or Acquisition
031193,023964,2008,Clean Name Duplicates,Merger or Acquisition
032245,023986,2017,CRSP/Compustat,Merger or Acquisition
015168,024022,1995,General Research,Merger or Acquisition
015855,024167,1998,Subsidiary Data,Merger or Acquisition
006003,024190,2005,SDC Platinum,Merger or Acquisition
031554,024303,1998,ABS,Merger or Acquisition
025641,024320,1995,ABS,Merger or Acquisition
002408,024342,1990,General Research,Subsidiary Listing
002137,024357,1998,SDC Platinum,Merger or Acquisition
153668,024361,2003,Clean Name Duplicates,Relisting
018666,024376,2013,ABS,Merger or Acquisition
215422,024448,2006,General Research,Merger or Acquisition
033068,024482,2018,CRSP/Compustat,Merger or Acquisition
011399,024608,2003,General Research,Merger or Acquisition
024616,024616,2014,General Research,Subsidiary Spin-Off
114524,024616,2012,General Research,Subsidiary Listing
007345,024723,1998,Subsidiary Data,Merger or Acquisition
176022,024726,2013,Subsidiary Data,Merger or Acquisition
164605,024728,2005,CRSP/Compustat,Merger or Acquisition
212782,024759,2010,SDC Platinum,Merger or Acquisition
003013,024762,1988,SDC Platinum,Merger or Acquisition
005180,024778,1994,General Research,Merger or Acquisition
176237,024778,2004,Clean Name Duplicates,Subsidiary Spin-Off
024975,024793,1997,Subsidiary Data,Merger or Acquisition
004103,024869,1951,General Research,Subsidiary Listing
010984,024870,2005,General Research,Merger or Acquisition
008068,024894,1996,Subsidiary Data,Merger or Acquisition
024937,024937,2017,Clean Name Duplicates,Subsidiary Spin-Off
122916,024937,2012,Clean Name Duplicates,Subsidiary Listing
016786,024940,1992,General Research,Subsidiary Listing
012540,024951,1994,Subsidiary Data,Merger or Acquisition
012274,025029,1995,Subsidiary Data,Merger or Acquisition
002136,025056,2015,General Research,Merger or Acquisition
063490,025081,2005,Subsidiary Data,Merger or Acquisition
029293,025095,2016,CRSP/Compustat,Merger or Acquisition
027928,025126,1993,SDC Platinum,Merger or Acquisition
012635,025157,2019,General Research,Merger or Acquisition
016477,025187,1988,Clean Name Duplicates,Relisting
001013,025200,1998,Subsidiary Data,Merger or Acquisition
007345,025208,1996,Clean Name Duplicates,Merger or Acquisition
285536,025216,2011,ABS,Merger or Acquisition
147451,025315,2005,Clean Name Duplicates,Merger or Acquisition
002547,025356,2018,General Research,Merger or Acquisition
004839,025438,1988,SDC Platinum,Merger or Acquisition
180474,025493,2009,General Research,Relisting
027908,025517,1992,General Research,Relisting
031456,025540,2008,SDC Platinum,Merger or Acquisition
006310,025627,2014,General Research,Merger or Acquisition
017420,025676,2020,SDC Platinum,Merger or Acquisition
189362,025746,2010,General Research,Merger or Acquisition
037180,025783,2015,Clean Name Duplicates,Relisting
183704,025851,2013,CRSP/Compustat,Merger or Acquisition
117781,025859,1999,General Research,Merger or Acquisition
018086,025906,2013,Subsidiary Data,Merger or Acquisition
031549,025966,1996,General Research,Merger or Acquisition
008852,026005,1994,Subsidiary Data,Merger or Acquisition
003708,026005,1997,Subsidiary Data,Merger or Acquisition
032365,026094,2017,CRSP/Compustat,Merger or Acquisition
031673,026127,2015,General Research,Merger or Acquisition
005606,026156,2012,General Research,Subsidiary Listing
065218,026246,2015,CRSP/Compustat,Merger or Acquisition
034942,026273,2019,CRSP/Compustat,Merger or Acquisition
026061,026381,2020,CRSP/Compustat,Merger or Acquisition
033048,026514,2018,CRSP/Compustat,Merger or Acquisition
035367,026562,2019,CRSP/Compustat,Merger or Acquisition
004367,026673,2000,Subsidiary Data,Merger or Acquisition
024199,026837,2017,CRSP/Compustat,Merger or Acquisition
014268,026852,2002,Subsidiary Data,Merger or Acquisition
036014,027201,2019,CRSP/Compustat,Merger or Acquisition
034439,027241,2018,CRSP/Compustat,Merger or Acquisition
034584,027819,2018,CRSP/Compustat,Merger or Acquisition
023167,027821,2012,Clean Name Duplicates,Relisting
016101,027845,2019,General Research,Merger or Acquisition
014538,027845,2015,General Research,Merger or Acquisition
006304,027919,1996,Subsidiary Data,Merger or Acquisition
035632,027920,2019,CRSP/Compustat,Merger or Acquisition
007875,027980,2016,General Research,Merger or Acquisition
027845,027988,2017,Subsidiary Data,Merger or Acquisition
034562,028021,2018,CRSP/Compustat,Merger or Acquisition
016582,028169,2016,General Research,Merger or Acquisition
008479,028170,2009,6-character CUSIP,Merger or Acquisition
003105,028250,1999,General Research,Merger or Acquisition
004503,028256,2009,General Research,Merger or Acquisition
010453,028279,1995,SDC Platinum,Merger or Acquisition
003562,028379,2016,General Research,Merger or Acquisition
123394,028387,1999,CRSP/Compustat,Relisting
002710,028403,2004,SDC Platinum,Merger or Acquisition
006733,028455,2006,Subsidiary Data,Merger or Acquisition
065042,028461,2006,SDC Platinum,Merger or Acquisition
140760,028524,2007,Subsidiary Data,Merger or Acquisition
029609,028579,2000,Subsidiary Data,Merger or Acquisition
177659,028740,2007,CRSP/Compustat,Relisting
028742,028742,1993,Clean Name Duplicates,Subsidiary Spin-Off
002322,028742,1987,General Research,Subsidiary Listing
010991,028781,2000,Clean Name Duplicates,Merger or Acquisition
002271,028797,1995,Subsidiary Data,Merger or Acquisition
133104,028841,1999,Clean Name Duplicates,Relisting
109425,028937,2004,Subsidiary Data,Merger or Acquisition
015466,029036,1992,SDC Platinum,Merger or Acquisition
006097,029069,2003,SDC Platinum,Merger or Acquisition
146017,029092,1999,General Research,Merger or Acquisition
007637,029115,1998,Subsidiary Data,Merger or Acquisition
013683,029178,1992,General Research,Subsidiary Listing
008488,029252,2001,Subsidiary Data,Merger or Acquisition
062261,029266,1999,Subsidiary Data,Merger or Acquisition
028940,029287,2004,Subsidiary Data,Merger or Acquisition
014954,029304,2014,Subsidiary Data,Merger or Acquisition
002136,029318,1999,General Research,Merger or Acquisition
186509,029318,2006,Clean Name Duplicates,Subsidiary Listing
015855,029356,2005,Subsidiary Data,Merger or Acquisition
150937,029356,1998,Clean Name Duplicates,Merger or Acquisition
001913,029414,1999,Subsidiary Data,Merger or Acquisition
003144,029434,2001,SDC Platinum,Merger or Acquisition
138347,029436,2002,Clean Name Duplicates,Merger or Acquisition
006097,029642,2001,SDC Platinum,Merger or Acquisition
001581,029689,2000,SDC Platinum,Merger or Acquisition
060797,029732,1995,Subsidiary Data,Merger or Acquisition
062391,029822,2001,Subsidiary Data,Merger or Acquisition
192255,029829,2011,SDC Platinum,Merger or Acquisition
006765,029849,1953,General Research,Subsidiary Listing
029849,029849,1994,General Research,Subsidiary Spin-Off
003362,029942,2012,Subsidiary Data,Merger or Acquisition
179428,030012,2008,CRSP/Compustat,Merger or Acquisition
185661,030034,2006,Clean Name Duplicates,Subsidiary Spin-Off
006008,030034,1999,General Research,Merger or Acquisition
017928,030095,2013,Clean Name Duplicates,Relisting
031881,030187,1999,Subsidiary Data,Merger or Acquisition
006078,030191,2000,Subsidiary Data,Merger or Acquisition
062599,030203,1999,General Research,Merger or Acquisition
004895,030234,1994,General Research,Subsidiary Listing
332115,030236,2019,CRSP/Compustat,Merger or Acquisition
012679,030287,1995,Subsidiary Data,Merger or Acquisition
063914,030383,1999,General Research,Merger or Acquisition
010443,030383,1989,General Research,Subsidiary Listing
014446,030405,2001,Subsidiary Data,Merger or Acquisition
156155,030493,2004,SDC Platinum,Merger or Acquisition
030203,030545,1997,Subsidiary Data,Merger or Acquisition
034412,030551,2018,CRSP/Compustat,Merger or Acquisition
113491,030703,2000,Subsidiary Data,Merger or Acquisition
135966,030789,2006,Subsidiary Data,Merger or Acquisition
036609,030830,2020,CRSP/Compustat,Merger or Acquisition
124675,030835,2001,Clean Name Duplicates,Merger or Acquisition
004093,030865,2006,General Research,Merger or Acquisition
163023,030906,2004,General Research,Merger or Acquisition
014624,030906,2013,General Research,Merger or Acquisition
028272,030938,1998,General Research,Merger or Acquisition
153668,031041,2003,General Research,Merger or Acquisition
003226,031137,2018,SDC Platinum,Merger or Acquisition
061870,031143,2008,Subsidiary Data,Merger or Acquisition
013649,031159,2013,SDC Platinum,Merger or Acquisition
025279,031166,2006,General Research,Merger or Acquisition
001704,031483,2009,SDC Platinum,Merger or Acquisition
061737,031530,2003,SDC Platinum,Merger or Acquisition
007241,031549,2007,General Research,Merger or Acquisition
006310,031553,2015,General Research,Subsidiary Listing
029241,031620,2000,General Research,Merger or Acquisition
186558,031625,2010,Clean Name Duplicates,Relisting
151948,031636,2000,General Research,Relisting
142955,031687,1999,SDC Platinum,Merger or Acquisition
020621,031804,2019,CRSP/Compustat,Merger or Acquisition
001164,031853,1996,Subsidiary Data,Merger or Acquisition
035490,032146,2019,CRSP/Compustat,Merger or Acquisition
039156,032194,2015,General Research,Subsidiary Listing
035850,032380,2019,CRSP/Compustat,Merger or Acquisition
002410,032413,2015,General Research,Subsidiary Listing
037426,032561,2020,CRSP/Compustat,Merger or Acquisition
021522,032889,2020,CRSP/Compustat,Merger or Acquisition
036987,032899,2020,CRSP/Compustat,Merger or Acquisition
036535,033047,2020,CRSP/Compustat,Merger or Acquisition
036949,033185,2020,CRSP/Compustat,Relisting
037318,033868,2020,CRSP/Compustat,Merger or Acquisition
037182,034805,2020,CRSP/Compustat,Merger or Acquisition
037537,034864,2020,CRSP/Compustat,Merger or Acquisition
037213,034963,2020,CRSP/Compustat,Merger or Acquisition
101310,035056,2016,General Research,Subsidiary Listing
035056,035056,2019,General Research,Subsidiary Spin-Off
036404,035082,2020,CRSP/Compustat,Merger or Acquisition
157855,035133,2020,General Research,Merger or Acquisition
010983,036190,2015,General Research,Subsidiary Listing
036190,036190,2020,General Research,Subsidiary Spin-Off
010983,036191,2015,General Research,Subsidiary Listing
036191,036191,2020,General Research,Subsidiary Spin-Off
024975,060797,2001,Subsidiary Data,Merger or Acquisition
008044,060821,1994,6-character CUSIP,Subsidiary Listing
025291,060832,1999,Clean Name Duplicates,Merger or Acquisition
006127,060874,1985,General Research,Merger or Acquisition
036003,060888,2019,CRSP/Compustat,Merger or Acquisition
177288,060898,2003,General Research,Relisting
007526,060958,1999,Subsidiary Data,Merger or Acquisition
006565,060982,1997,SDC Platinum,Merger or Acquisition
002369,061153,2015,SDC Platinum,Merger or Acquisition
005399,061160,1997,SDC Platinum,Merger or Acquisition
182826,061166,2008,ABS,Merger or Acquisition
006097,061255,2006,SDC Platinum,Merger or Acquisition
061356,061337,1999,ABS,Merger or Acquisition
012206,061340,2003,Subsidiary Data,Merger or Acquisition
162556,061340,2000,General Research,Relisting
012635,061355,2007,SDC Platinum,Merger or Acquisition
004439,061370,2000,General Research,Merger or Acquisition
039875,061396,2020,Clean Name Duplicates,Relisting
126721,061398,2012,Subsidiary Data,Merger or Acquisition
130762,061410,2002,Subsidiary Data,Merger or Acquisition
180698,061414,2008,CRSP/Compustat,Merger or Acquisition
187677,061435,2015,CRSP/Compustat,Merger or Acquisition
016101,061448,2015,General Research,Merger or Acquisition
001581,061464,2002,General Research,Merger or Acquisition
002884,061489,2011,6-character CUSIP,Merger or Acquisition
018467,061502,1993,SDC Platinum,Merger or Acquisition
012233,061508,2000,Subsidiary Data,Merger or Acquisition
060797,061510,1996,Subsidiary Data,Merger or Acquisition
061321,061546,2007,SDC Platinum,Merger or Acquisition
009359,061573,2002,SDC Platinum,Merger or Acquisition
003011,061601,2000,Subsidiary Data,Merger or Acquisition
063169,061656,2014,General Research,Merger or Acquisition
062016,061694,2008,Subsidiary Data,Merger or Acquisition
018888,061745,2018,CRSP/Compustat,Merger or Acquisition
031143,061752,2007,Subsidiary Data,Merger or Acquisition
062290,061763,2016,SDC Platinum,Merger or Acquisition
282553,061774,2006,CRSP/Compustat,Relisting
011649,061795,2003,General Research,Merger or Acquisition
179731,061901,2011,ABS,Merger or Acquisition
015708,061952,1998,General Research,Subsidiary Listing
034709,062110,2019,CRSP/Compustat,Merger or Acquisition
064480,062261,2008,Subsidiary Data,Merger or Acquisition
028272,062263,2020,General Research,Merger or Acquisition
019845,062471,2009,6-character CUSIP,Relisting
220940,062489,2000,Clean Name Duplicates,Merger or Acquisition
014268,062511,2006,Subsidiary Data,Merger or Acquisition
138309,062519,2000,ABS,Relisting
004140,062585,1998,SDC Platinum,Merger or Acquisition
101352,062599,2006,SDC Platinum,Merger or Acquisition
002136,062634,2017,Subsidiary Data,Merger or Acquisition
113270,062669,1998,SDC Platinum,Merger or Acquisition
002271,062671,1971,General Research,Subsidiary Listing
025056,062673,1997,General Research,Merger or Acquisition
002269,062673,1990,General Research,Subsidiary Listing
003243,062689,1995,General Research,Subsidiary Listing
062689,062689,2001,General Research,Subsidiary Spin-Off
015855,062690,2000,Subsidiary Data,Merger or Acquisition
163087,062846,2005,CRSP/Compustat,Merger or Acquisition
062960,062912,1998,Clean Name Duplicates,Merger or Acquisition
013380,062915,1998,General Research,Merger or Acquisition
121053,062927,1998,CRSP/Compustat,Relisting
027823,062960,2011,Subsidiary Data,Merger or Acquisition
008717,062984,2012,Subsidiary Data,Merger or Acquisition
003980,063021,1999,SDC Platinum,Merger or Acquisition
026809,063062,2016,CRSP/Compustat,Merger or Acquisition
001581,063158,1998,Subsidiary Data,Merger or Acquisition
036758,063196,2020,Clean Name Duplicates,Relisting
013683,063205,1995,General Research,Subsidiary Listing
035543,063490,2019,CRSP/Compustat,Merger or Acquisition
212773,063499,2008,General Research,Merger or Acquisition
063500,063500,1997,General Research,Subsidiary Spin-Off
005342,063500,1995,General Research,Subsidiary Listing
062599,063589,1999,SDC Platinum,Merger or Acquisition
064488,063633,1996,General Research,Subsidiary Listing
015110,063637,2004,SDC Platinum,Merger or Acquisition
003157,063651,2016,Subsidiary Data,Merger or Acquisition
140982,063663,2007,Clean Name Duplicates,Relisting
148770,063742,2000,General Research,Relisting
001045,063766,1960,General Research,Subsidiary Listing
019649,063766,2012,Clean Name Duplicates,Relisting
031177,063790,2017,CRSP/Compustat,Merger or Acquisition
100873,063797,2001,General Research,Relisting
017928,063800,2016,General Research,Merger or Acquisition
007257,063866,2015,Subsidiary Data,Merger or Acquisition
295786,063914,2012,General Research,Relisting
175465,063942,2006,CRSP/Compustat,Merger or Acquisition
003416,063975,1992,General Research,Subsidiary Listing
190355,064010,2010,Clean Name Duplicates,Relisting
129851,064029,2003,SDC Platinum,Merger or Acquisition
110100,064145,1994,General Research,Subsidiary Listing
005047,064216,1997,SDC Platinum,Merger or Acquisition
065578,064299,2000,Subsidiary Data,Merger or Acquisition
015106,064299,1998,General Research,Merger or Acquisition
016469,064320,1999,Clean Name Duplicates,Merger or Acquisition
184487,064365,2010,CRSP/Compustat,Merger or Acquisition
006066,064386,2008,SDC Platinum,Merger or Acquisition
163720,064392,2005,Subsidiary Data,Merger or Acquisition
024395,064425,1998,SDC Platinum,Merger or Acquisition
156153,064480,2020,Subsidiary Data,Merger or Acquisition
013988,064552,2019,General Research,Merger or Acquisition
001884,064583,2005,CRSP/Compustat,Merger or Acquisition
063769,064789,2002,General Research,Merger or Acquisition
001034,064840,1999,SDC Platinum,Merger or Acquisition
005187,064876,2001,CRSP/Compustat,Merger or Acquisition
014561,064936,2000,Subsidiary Data,Merger or Acquisition
298036,064942,2018,CRSP/Compustat,Relisting
061489,064967,2000,CRSP/Compustat,Merger or Acquisition
117768,064984,2001,SDC Platinum,Merger or Acquisition
174876,065014,2006,CRSP/Compustat,Merger or Acquisition
061086,065033,1999,Subsidiary Data,Merger or Acquisition
175087,065074,2003,General Research,Relisting
003897,065089,1951,General Research,Subsidiary Listing
008272,065090,1998,General Research,Merger or Acquisition
010860,065091,2004,SDC Platinum,Merger or Acquisition
008264,065092,1993,General Research,Subsidiary Listing
011191,065144,2001,Subsidiary Data,Merger or Acquisition
182309,065243,2009,CRSP/Compustat,Merger or Acquisition
205950,065252,2000,Clean Name Duplicates,Merger or Acquisition
013427,065298,1999,General Research,Merger or Acquisition
150937,065413,2015,Subsidiary Data,Merger or Acquisition
011670,065459,2015,General Research,Merger or Acquisition
066368,065488,2000,General Research,Merger or Acquisition
192856,065553,2011,CRSP/Compustat,Merger or Acquisition
010576,065606,1995,General Research,Subsidiary Listing
003310,065622,2004,Subsidiary Data,Merger or Acquisition
001300,065676,2013,General Research,Merger or Acquisition
029849,065676,1992,General Research,Subsidiary Listing
065676,065676,1997,General Research,Subsidiary Spin-Off
065697,065697,1994,Subsidiary Data,Subsidiary Spin-Off
002322,065697,2015,Subsidiary Data,Merger or Acquisition
005073,065697,1950,Subsidiary Data,Subsidiary Listing
003969,065739,2015,SDC Platinum,Merger or Acquisition
032858,065838,2014,CRSP/Compustat,Merger or Acquisition
014590,065910,1992,General Research,Subsidiary Listing
014363,065910,1997,General Research,Merger or Acquisition
005134,066013,1992,6-character CUSIP,Subsidiary Listing
003735,066447,2005,Subsidiary Data,Merger or Acquisition
024409,066582,2005,SDC Platinum,Merger or Acquisition
015708,066616,1998,General Research,Subsidiary Listing
061706,066658,2000,Subsidiary Data,Merger or Acquisition
180711,066708,2015,General Research,Merger or Acquisition
013467,100049,1998,General Research,Merger or Acquisition
100338,100075,1993,General Research,Subsidiary Listing
015521,100599,2008,Subsidiary Data,Merger or Acquisition
100080,101076,2007,General Research,Merger or Acquisition
210418,101410,1997,General Research,Relisting
001243,103159,2003,SDC Platinum,Merger or Acquisition
008015,103307,1997,SDC Platinum,Merger or Acquisition
018204,105574,2013,CRSP/Compustat,Merger or Acquisition
013312,105595,2001,General Research,Subsidiary Listing
006821,106989,2017,SDC Platinum,Merger or Acquisition
007291,107751,2017,SDC Platinum,Merger or Acquisition
177606,108695,2007,CRSP/Compustat,Merger or Acquisition
175660,109823,2006,CRSP/Compustat,Merger or Acquisition
005492,110685,2018,Subsidiary Data,Merger or Acquisition
100873,111970,2001,General Research,Relisting
064055,112004,2006,Subsidiary Data,Merger or Acquisition
013440,113491,2011,Subsidiary Data,Merger or Acquisition
061595,113498,1998,SDC Platinum,Merger or Acquisition
185911,114834,2008,General Research,Relisting
004598,115336,1997,General Research,Subsidiary Listing
008113,115687,2001,Clean Name Duplicates,Subsidiary Listing
177943,115812,2007,Clean Name Duplicates,Relisting
010860,116304,1999,Clean Name Duplicates,Subsidiary Listing
029241,116431,2000,General Research,Merger or Acquisition
002055,116590,1995,General Research,Subsidiary Listing
103487,116787,2014,SDC Platinum,Merger or Acquisition
020423,116857,2005,Clean Name Duplicates,Merger or Acquisition
012233,117298,1996,6-character CUSIP,Subsidiary Listing
009899,118167,2001,Subsidiary Data,Merger or Acquisition
010530,118577,2014,General Research,Merger or Acquisition
012233,118653,1996,6-character CUSIP,Subsidiary Listing
012233,118733,2007,SDC Platinum,Merger or Acquisition
007186,119753,2005,Subsidiary Data,Merger or Acquisition
063194,119773,2000,6-character CUSIP,Merger or Acquisition
007985,120013,2000,Subsidiary Data,Merger or Acquisition
039810,120134,2018,Clean Name Duplicates,Relisting
221616,120178,2000,General Research,Merger or Acquisition
010576,120359,1999,General Research,Subsidiary Listing
013440,120359,2014,Subsidiary Data,Merger or Acquisition
028924,120773,1997,General Research,Subsidiary Listing
124198,120818,2001,Subsidiary Data,Merger or Acquisition
002146,120823,2002,Subsidiary Data,Merger or Acquisition
001932,120877,2017,General Research,Merger or Acquisition
061685,121153,2012,Subsidiary Data,Merger or Acquisition
062634,121436,2003,Subsidiary Data,Merger or Acquisition
009043,121573,1993,6-character CUSIP,Subsidiary Listing
116526,121613,2003,Subsidiary Data,Merger or Acquisition
061706,121615,1999,SDC Platinum,Merger or Acquisition
012233,121742,1996,6-character CUSIP,Subsidiary Listing
026061,121834,2005,Subsidiary Data,Merger or Acquisition
027980,121844,2013,Subsidiary Data,Merger or Acquisition
013312,121934,2011,6-character CUSIP,Merger or Acquisition
004094,122171,2003,Subsidiary Data,Merger or Acquisition
181104,122255,2008,CRSP/Compustat,Relisting
133768,122634,1998,Clean Name Duplicates,Relisting
062634,122675,2001,Subsidiary Data,Merger or Acquisition
161844,123674,2002,General Research,Relisting
184762,123914,2009,General Research,Relisting
007980,124174,2000,SDC Platinum,Merger or Acquisition
064480,124394,2016,General Research,Merger or Acquisition
013440,124441,2005,Subsidiary Data,Merger or Acquisition
006682,124441,2003,Subsidiary Data,Merger or Acquisition
148365,124442,2000,General Research,Relisting
151016,124556,1997,General Research,Relisting
002589,124636,2004,CRSP/Compustat,Merger or Acquisition
162254,125434,2003,General Research,Relisting
032459,125531,2017,CRSP/Compustat,Merger or Acquisition
014628,125754,1992,6-character CUSIP,Merger or Acquisition
133547,125795,2002,Subsidiary Data,Merger or Acquisition
179459,126297,2003,General Research,Relisting
002536,126454,2004,Subsidiary Data,Merger or Acquisition
012142,126597,2006,Subsidiary Data,Merger or Acquisition
061656,126601,2010,General Research,Merger or Acquisition
025783,126773,1996,Clean Name Duplicates,Subsidiary Listing
003980,126814,1997,6-character CUSIP,Subsidiary Listing
181290,127075,2006,General Research,Relisting
004145,127455,2011,Subsidiary Data,Merger or Acquisition
027980,128498,2005,General Research,Merger or Acquisition
133304,128698,2004,SDC Platinum,Merger or Acquisition
128978,128978,1999,General Research,Subsidiary Spin-Off
010443,128978,1998,General Research,Subsidiary Listing
026061,129626,2003,General Research,Merger or Acquisition
180423,129626,2006,Clean Name Duplicates,Relisting
012141,129635,2002,SDC Platinum,Merger or Acquisition
005492,130762,1997,General Research,Subsidiary Listing
130762,130762,1999,General Research,Subsidiary Spin-Off
024870,130766,1998,General Research,Subsidiary Listing
012141,132361,2007,Subsidiary Data,Merger or Acquisition
009786,132405,1998,SDC Platinum,Merger or Acquisition
139662,132758,2011,Subsidiary Data,Merger or Acquisition
063866,133724,2011,Subsidiary Data,Merger or Acquisition
024975,133886,2002,Subsidiary Data,Merger or Acquisition
061685,134031,2005,Clean Name Duplicates,Merger or Acquisition
003863,134144,1999,SDC Platinum,Merger or Acquisition
004145,134451,2001,Subsidiary Data,Merger or Acquisition
061489,134453,2003,General Research,Merger or Acquisition
001581,134845,1997,6-character CUSIP,Subsidiary Listing
141469,134869,2002,Subsidiary Data,Merger or Acquisition
003116,135247,2005,Subsidiary Data,Merger or Acquisition
064853,135966,2007,Subsidiary Data,Merger or Acquisition
003735,136804,2016,Subsidiary Data,Merger or Acquisition
004961,137357,1997,SDC Platinum,Merger or Acquisition
029356,137470,2003,Subsidiary Data,Merger or Acquisition
032078,137722,2017,CRSP/Compustat,Merger or Acquisition
018484,138004,2001,Clean Name Duplicates,Merger or Acquisition
175533,138123,2006,CRSP/Compustat,Merger or Acquisition
019859,138126,2018,Subsidiary Data,Merger or Acquisition
003116,138343,2005,Subsidiary Data,Merger or Acquisition
061685,138345,2003,Subsidiary Data,Merger or Acquisition
025056,138481,1998,General Research,Subsidiary Listing
003358,138613,2015,Subsidiary Data,Merger or Acquisition
018162,138703,2013,ABS,Relisting
021082,138747,2014,ABS,Merger or Acquisition
004094,139665,1962,CRSP/Compustat,Merger or Acquisition
139665,139665,1998,General Research,Subsidiary Spin-Off
135990,140033,2012,General Research,Merger or Acquisition
100590,140206,2018,General Research,Merger or Acquisition
031122,140261,1996,6-character CUSIP,Subsidiary Listing
182012,140736,2011,Subsidiary Data,Merger or Acquisition
100080,140760,2016,General Research,Merger or Acquisition
176017,140901,2006,Clean Name Duplicates,Relisting
005742,140977,1999,Clean Name Duplicates,Subsidiary Listing
140977,140977,2003,General Research,Subsidiary Spin-Off
140033,140977,2010,CRSP/Compustat,Merger or Acquisition
028071,140979,2016,CRSP/Compustat,Merger or Acquisition
030137,141097,2005,Subsidiary Data,Merger or Acquisition
061398,141098,2004,Subsidiary Data,Merger or Acquisition
013683,141243,1998,General Research,Subsidiary Listing
151928,141387,2000,Clean Name Duplicates,Relisting
121819,141464,2004,General Research,Merger or Acquisition
001581,141636,1999,6-character CUSIP,Subsidiary Listing
012206,141843,1999,General Research,Subsidiary Listing
175955,141849,2004,6-character CUSIP,Relisting
162894,142952,2002,General Research,Relisting
140979,142955,2003,Subsidiary Data,Merger or Acquisition
012233,143176,1996,6-character CUSIP,Subsidiary Listing
011056,143318,1999,Clean Name Duplicates,Subsidiary Listing
010115,143421,2020,General Research,Merger or Acquisition
176282,143542,2006,General Research,Relisting
006310,143640,2014,General Research,Merger or Acquisition
001164,143971,1998,General Research,Subsidiary Listing
315629,144115,2014,General Research,Relisting
186858,144519,2013,Clean Name Duplicates,Relisting
001995,144580,1999,Clean Name Duplicates,Subsidiary Listing
030361,144641,1995,General Research,Subsidiary Listing
002259,144646,1999,6-character CUSIP,Subsidiary Listing
004093,144848,2012,General Research,Merger or Acquisition
177264,145043,2013,Subsidiary Data,Merger or Acquisition
005870,145269,1999,Clean Name Duplicates,Subsidiary Listing
007977,145273,1999,General Research,Subsidiary Listing
008272,145274,1999,Clean Name Duplicates,Subsidiary Listing
008539,145347,1999,General Research,Subsidiary Listing
008455,145348,1951,6-character CUSIP,Subsidiary Listing
024616,145471,2012,General Research,Relisting
114524,145471,2002,General Research,Merger or Acquisition
183257,145854,2007,Subsidiary Data,Merger or Acquisition
145854,145854,2001,Subsidiary Data,Subsidiary Spin-Off
010530,145854,1966,Subsidiary Data,Subsidiary Listing
004199,145875,2007,Subsidiary Data,Merger or Acquisition
013683,145933,2005,General Research,Merger or Acquisition
157494,146194,1999,General Research,Relisting
025627,146212,2013,SDC Platinum,Merger or Acquisition
004242,146212,1999,Clean Name Duplicates,Subsidiary Listing
003980,146314,2001,SDC Platinum,Merger or Acquisition
162928,146778,2008,Subsidiary Data,Merger or Acquisition
120877,147175,2014,General Research,Merger or Acquisition
004145,147200,2006,Subsidiary Data,Merger or Acquisition
061489,147310,2003,General Research,Merger or Acquisition
101310,147449,2010,General Research,Merger or Acquisition
016603,147449,2000,General Research,Subsidiary Listing
035056,147449,2016,General Research,Relisting
149093,148221,2000,General Research,Relisting
148256,148255,2000,General Research,Relisting
001706,148265,2004,Subsidiary Data,Merger or Acquisition
163113,148271,2003,General Research,Relisting
017746,148288,2012,Clean Name Duplicates,Relisting
020115,148293,1999,General Research,Relisting
164606,148332,2003,6-character CUSIP,Relisting
019205,148552,2013,ABS,Merger or Acquisition
012294,148770,2015,General Research,Merger or Acquisition
004895,149268,2000,General Research,Subsidiary Listing
006135,150838,2002,General Research,Subsidiary Listing
151928,151928,2007,General Research,Subsidiary Spin-Off
061004,151928,2002,General Research,Merger or Acquisition
022867,151928,2017,General Research,Merger or Acquisition
007906,151948,2003,General Research,Merger or Acquisition
001581,152670,2000,6-character CUSIP,Subsidiary Listing
008455,153268,1996,6-character CUSIP,Subsidiary Listing
039048,154254,2019,Clean Name Duplicates,Relisting
187740,154434,2013,SDC Platinum,Merger or Acquisition
174160,155737,2006,CRSP/Compustat,Merger or Acquisition
165656,155753,2005,CRSP/Compustat,Merger or Acquisition
008539,156418,2001,General Research,Subsidiary Listing
006338,156654,2018,General Research,Merger or Acquisition
006547,156655,2001,General Research,Subsidiary Listing
035320,156857,2019,CRSP/Compustat,Merger or Acquisition
011462,157020,1998,Subsidiary Data,Subsidiary Listing
178971,157020,2007,CRSP/Compustat,Merger or Acquisition
111631,157433,2006,Clean Name Duplicates,Merger or Acquisition
162403,157633,2005,CRSP/Compustat,Relisting
185517,157858,2011,ABS,Relisting
175674,157863,2006,CRSP/Compustat,Merger or Acquisition
025937,158746,2009,Subsidiary Data,Merger or Acquisition
032267,160204,2017,CRSP/Compustat,Merger or Acquisition
179598,160205,2008,Clean Name Duplicates,Merger or Acquisition
025937,160237,2008,General Research,Merger or Acquisition
017874,160256,2013,CRSP/Compustat,Merger or Acquisition
182012,160504,2008,Subsidiary Data,Merger or Acquisition
032984,160578,2019,CRSP/Compustat,Merger or Acquisition
118502,160839,2015,SDC Platinum,Merger or Acquisition
009555,160949,2011,General Research,Merger or Acquisition
160949,160949,2017,General Research,Subsidiary Spin-Off
038398,160949,2018,Clean Name Duplicates,Subsidiary Spin-Off
005208,161075,1999,General Research,Relisting
174302,161814,2015,Subsidiary Data,Merger or Acquisition
013836,161814,2013,Subsidiary Data,Merger or Acquisition
021126,162497,2014,CRSP/Compustat,Merger or Acquisition
018566,162732,2013,ABS,Merger or Acquisition
027716,162770,2016,CRSP/Compustat,Merger or Acquisition
007163,162906,2020,General Research,Merger or Acquisition
025999,162958,2015,CRSP/Compustat,Merger or Acquisition
016486,163023,2010,General Research,Relisting
014269,163120,2002,6-character CUSIP,Merger or Acquisition
020983,163121,2006,Subsidiary Data,Merger or Acquisition
014390,163669,2016,SDC Platinum,Merger or Acquisition
007152,163722,2007,6-character CUSIP,Merger or Acquisition
031673,163893,2015,General Research,Merger or Acquisition
115404,163941,2003,CRSP/Compustat,Subsidiary Listing
036356,164284,2020,CRSP/Compustat,Merger or Acquisition
014049,164433,2007,General Research,Merger or Acquisition
031249,164510,2017,CRSP/Compustat,Merger or Acquisition
184592,164615,2010,ABS,Merger or Acquisition
010115,165179,2016,General Research,Merger or Acquisition
163772,165462,2007,Subsidiary Data,Merger or Acquisition
187846,165653,2005,General Research,Subsidiary Listing
013714,165675,2019,General Research,Merger or Acquisition
013714,165675,2004,General Research,Subsidiary Listing
165675,165675,2006,General Research,Subsidiary Spin-Off
029687,165745,2016,CRSP/Compustat,Merger or Acquisition
015274,166482,2005,SDC Platinum,Merger or Acquisition
182383,166570,2009,CRSP/Compustat,Merger or Acquisition
001976,166583,2005,SDC Platinum,Merger or Acquisition
018025,170327,2013,CRSP/Compustat,Merger or Acquisition
179413,174158,2009,CRSP/Compustat,Merger or Acquisition
001602,174160,2012,General Research,Merger or Acquisition
163984,174315,2006,General Research,Relisting
181904,174579,2007,General Research,Relisting
013700,174876,2016,General Research,Merger or Acquisition
018108,175347,2013,ABS,Merger or Acquisition
126417,175395,2008,Subsidiary Data,Merger or Acquisition
009899,175465,2018,General Research,Merger or Acquisition
161088,175660,2009,CRSP/Compustat,Merger or Acquisition
003863,176030,2008,Subsidiary Data,Merger or Acquisition
061490,176135,2013,Subsidiary Data,Merger or Acquisition
176238,176238,2006,General Research,Subsidiary Spin-Off
065006,176238,2004,General Research,Subsidiary Listing
006135,176282,2016,General Research,Merger or Acquisition
126136,176404,2016,General Research,Merger or Acquisition
010576,176404,2006,General Research,Subsidiary Listing
185661,176524,2006,CRSP/Compustat,Merger or Acquisition
176523,176590,2009,General Research,Subsidiary Listing
063866,176594,2013,Subsidiary Data,Merger or Acquisition
029018,177112,2016,CRSP/Compustat,Merger or Acquisition
176670,177125,2010,Subsidiary Data,Merger or Acquisition
039831,177126,2019,Clean Name Duplicates,Relisting
174531,177127,2017,SDC Platinum,Merger or Acquisition
137310,177225,2018,Subsidiary Data,Merger or Acquisition
007228,177264,2014,General Research,Merger or Acquisition
015803,177313,2016,Subsidiary Data,Merger or Acquisition
035530,177446,2019,CRSP/Compustat,Merger or Acquisition
015172,177827,2014,Subsidiary Data,Merger or Acquisition
014489,178083,2018,General Research,Merger or Acquisition
179817,178266,2006,General Research,Subsidiary Listing
010984,178568,2009,Subsidiary Data,Merger or Acquisition
177264,178722,2008,Subsidiary Data,Merger or Acquisition
145512,178855,2003,General Research,Merger or Acquisition
013599,178855,2010,General Research,Merger or Acquisition
006310,178863,2014,General Research,Merger or Acquisition
025632,178899,2009,CRSP/Compustat,Merger or Acquisition
318815,179428,2015,General Research,Merger or Acquisition
183640,179442,2009,CRSP/Compustat,Merger or Acquisition
032901,179605,2018,CRSP/Compustat,Merger or Acquisition
008543,179621,2006,SDC Platinum,Subsidiary Listing
062016,179648,2011,Subsidiary Data,Merger or Acquisition
028877,179700,2018,General Research,Merger or Acquisition
006502,179818,2014,Subsidiary Data,Merger or Acquisition
006338,180012,2006,Clean Name Duplicates,Subsidiary Listing
164296,180167,2018,Subsidiary Data,Merger or Acquisition
180423,180423,2008,General Research,Subsidiary Spin-Off
026061,180423,2006,Clean Name Duplicates,Subsidiary Listing
032271,180698,2017,CRSP/Compustat,Merger or Acquisition
037396,180866,2020,CRSP/Compustat,Merger or Acquisition
004093,180942,2009,General Research,Merger or Acquisition
006003,182012,2017,Subsidiary Data,Merger or Acquisition
015539,182383,2012,CRSP/Compustat,Relisting
183666,183612,2020,General Research,Merger or Acquisition
025056,183920,2005,General Research,Subsidiary Listing
063866,184114,2013,Subsidiary Data,Merger or Acquisition
012987,184239,2012,CRSP/Compustat,Relisting
013888,184498,2018,General Research,Merger or Acquisition
020338,184526,2020,Clean Name Duplicates,Merger or Acquisition
184899,184899,2010,General Research,Subsidiary Spin-Off
012796,184899,2008,Clean Name Duplicates,Subsidiary Listing
024638,184954,2012,Clean Name Duplicates,Relisting
027845,184961,2014,Subsidiary Data,Merger or Acquisition
010671,185016,2011,Clean Name Duplicates,Subsidiary Listing
143421,185058,2015,CRSP/Compustat,Merger or Acquisition
033588,185277,2018,Subsidiary Data,Merger or Acquisition
030861,185318,2017,CRSP/Compustat,Merger or Acquisition
001891,185571,2010,SDC Platinum,Merger or Acquisition
019602,185664,2014,CRSP/Compustat,Relisting
186989,186206,2009,General Research,Subsidiary Listing
012141,186342,2016,General Research,Merger or Acquisition
027845,187653,2017,Subsidiary Data,Merger or Acquisition
002403,189362,2015,General Research,Merger or Acquisition
196856,190580,2017,CRSP/Compustat,Merger or Acquisition
062263,192856,2015,General Research,Merger or Acquisition
241637,201140,2005,General Research,Merger or Acquisition
175163,205950,2006,Clean Name Duplicates,Relisting
033114,210032,2018,CRSP/Compustat,Merger or Acquisition
013683,222643,2000,SDC Platinum,Merger or Acquisition
013683,222648,1997,General Research,Subsidiary Listing
007908,223911,2020,General Research,Merger or Acquisition
006097,245918,2013,General Research,Relisting
160809,260919,2006,CRSP/Compustat,Merger or Acquisition
181617,264668,2008,CRSP/Compustat,Merger or Acquisition
012206,264765,2005,General Research,Subsidiary Listing
